<colors query="brave">

<color name="black" weight="0.349957956718">
 <shade name="cool" weight="0.451255253994" />
 <shade name="dark" weight="0.378884128354" />
 <shade name="hard" weight="0.169859289003" />
</color>

<color name="red" weight="0.278537965551">
 <shade name="cool" weight="0.451255253994" />
 <shade name="dark" weight="0.378884128354" />
 <shade name="hard" weight="0.169859289003" />
</color>

<color name="blue" weight="0.178549977917">
 <shade name="cool" weight="0.451255253994" />
 <shade name="dark" weight="0.378884128354" />
 <shade name="hard" weight="0.169859289003" />
</color>

<color name="white" weight="0.138078649589">
 <shade name="cool" weight="0.451255253994" />
 <shade name="dark" weight="0.378884128354" />
 <shade name="hard" weight="0.169859289003" />
</color>

<color name="orange" weight="0.0548743598799">
 <shade name="cool" weight="0.451255253994" />
 <shade name="dark" weight="0.378884128354" />
 <shade name="hard" weight="0.169859289003" />
</color>

</colors>