<colors query="curved">

<color name="black" weight="0.370768019131">
 <shade name="soft" weight="0.76181788405" />
 <shade name="cool" weight="0.144534618318" />
 <shade name="bright" weight="0.0936463881184" />
</color>

<color name="white" weight="0.296883087782">
 <shade name="soft" weight="0.76181788405" />
 <shade name="cool" weight="0.144534618318" />
 <shade name="bright" weight="0.0936463881184" />
</color>

<color name="blue" weight="0.243148592256">
 <shade name="soft" weight="0.76181788405" />
 <shade name="cool" weight="0.144534618318" />
 <shade name="bright" weight="0.0936463881184" />
</color>

<color name="yellow" weight="0.0452713124808">
 <shade name="soft" weight="0.76181788405" />
 <shade name="cool" weight="0.144534618318" />
 <shade name="bright" weight="0.0936463881184" />
</color>

<color name="purple" weight="0.0439279500926">
 <shade name="soft" weight="0.76181788405" />
 <shade name="cool" weight="0.144534618318" />
 <shade name="bright" weight="0.0936463881184" />
</color>

</colors>