<colors query="different">

<color name="yellow" weight="0.816041152972">
 <shade name="light" weight="0.56663740122" />
 <shade name="cool" weight="0.251934383244" />
 <shade name="fresh" weight="0.181427149708" />
</color>

<color name="black" weight="0.0557696466353">
 <shade name="light" weight="0.56663740122" />
 <shade name="cool" weight="0.251934383244" />
 <shade name="fresh" weight="0.181427149708" />
</color>

<color name="white" weight="0.0496185826681">
 <shade name="light" weight="0.56663740122" />
 <shade name="cool" weight="0.251934383244" />
 <shade name="fresh" weight="0.181427149708" />
</color>

<color name="green" weight="0.0394488235758">
 <shade name="light" weight="0.56663740122" />
 <shade name="cool" weight="0.251934383244" />
 <shade name="fresh" weight="0.181427149708" />
</color>

<color name="blue" weight="0.0391207668309">
 <shade name="light" weight="0.56663740122" />
 <shade name="cool" weight="0.251934383244" />
 <shade name="fresh" weight="0.181427149708" />
</color>

</colors>