<colors query="disturbed">

<color name="purple" weight="0.290548401535">
 <shade name="cool" weight="0.420236079507" />
 <shade name="light" weight="0.341900810317" />
 <shade name="dark" weight="0.237861780925" />
</color>

<color name="white" weight="0.281706949652">
 <shade name="cool" weight="0.420236079507" />
 <shade name="light" weight="0.341900810317" />
 <shade name="dark" weight="0.237861780925" />
</color>

<color name="black" weight="0.218597275866">
 <shade name="cool" weight="0.420236079507" />
 <shade name="light" weight="0.341900810317" />
 <shade name="dark" weight="0.237861780925" />
</color>

<color name="blue" weight="0.112194975619">
 <shade name="cool" weight="0.420236079507" />
 <shade name="light" weight="0.341900810317" />
 <shade name="dark" weight="0.237861780925" />
</color>

<color name="pink" weight="0.096951093062">
 <shade name="cool" weight="0.420236079507" />
 <shade name="light" weight="0.341900810317" />
 <shade name="dark" weight="0.237861780925" />
</color>

</colors>