<colors query="energetic">

<color name="black" weight="0.467221476789">
 <shade name="bright" weight="0.755221459118" />
 <shade name="fresh" weight="0.162292271002" />
 <shade name="intense" weight="0.0824851806413" />
</color>

<color name="green" weight="0.184353280377">
 <shade name="bright" weight="0.755221459118" />
 <shade name="fresh" weight="0.162292271002" />
 <shade name="intense" weight="0.0824851806413" />
</color>

<color name="white" weight="0.141977378993">
 <shade name="bright" weight="0.776003534349" />
 <shade name="fresh" weight="0.166758206317" />
 <shade name="warm" weight="0.0572371401222" />
</color>

<color name="red" weight="0.127489891341">
 <shade name="bright" weight="0.755221459118" />
 <shade name="fresh" weight="0.162292271002" />
 <shade name="intense" weight="0.0824851806413" />
</color>

<color name="blue" weight="0.0789568077055">
 <shade name="bright" weight="0.755221459118" />
 <shade name="fresh" weight="0.162292271002" />
 <shade name="intense" weight="0.0824851806413" />
</color>

</colors>