<colors query="gentle">

<color name="black" weight="0.370019966128">
 <shade name="soft" weight="0.619324849855" />
 <shade name="warm" weight="0.284370624776" />
 <shade name="light" weight="0.0963033928832" />
</color>

<color name="blue" weight="0.18422270654">
 <shade name="soft" weight="0.781504611508" />
 <shade name="light" weight="0.121521921266" />
 <shade name="cool" weight="0.0969720381818" />
</color>

<color name="red" weight="0.16060441083">
 <shade name="soft" weight="0.619324849855" />
 <shade name="warm" weight="0.284370624776" />
 <shade name="light" weight="0.0963033928832" />
</color>

<color name="pink" weight="0.14895271828">
 <shade name="soft" weight="0.619324849855" />
 <shade name="warm" weight="0.284370624776" />
 <shade name="light" weight="0.0963033928832" />
</color>

<color name="white" weight="0.136198838596">
 <shade name="soft" weight="0.619324849855" />
 <shade name="warm" weight="0.284370624776" />
 <shade name="light" weight="0.0963033928832" />
</color>

</colors>