<colors query="inquisitive">

<color name="blue" weight="0.357746099965">
 <shade name="bright" weight="0.98286742595" />
 <shade name="dark" weight="0.00889522474882" />
 <shade name="soft" weight="0.00823631921187" />
</color>

<color name="black" weight="0.247887061393">
 <shade name="bright" weight="0.979693592083" />
 <shade name="warm" weight="0.0114388804886" />
 <shade name="dark" weight="0.00886650066578" />
</color>

<color name="white" weight="0.185915296045">
 <shade name="bright" weight="0.979693592083" />
 <shade name="warm" weight="0.0114388804886" />
 <shade name="dark" weight="0.00886650066578" />
</color>

<color name="green" weight="0.18309839762">
 <shade name="bright" weight="0.98286742595" />
 <shade name="dark" weight="0.00889522474882" />
 <shade name="soft" weight="0.00823631921187" />
</color>

<color name="yellow" weight="0.0253520858243">
 <shade name="bright" weight="0.979693592083" />
 <shade name="warm" weight="0.0114388804886" />
 <shade name="dark" weight="0.00886650066578" />
</color>

</colors>