<colors query="jolly">

<color name="red" weight="0.486561084942">
 <shade name="soft" weight="0.414311946923" />
 <shade name="hard" weight="0.38041369672" />
 <shade name="cool" weight="0.205272737339" />
</color>

<color name="black" weight="0.208062787752">
 <shade name="soft" weight="0.414311946923" />
 <shade name="hard" weight="0.38041369672" />
 <shade name="cool" weight="0.205272737339" />
</color>

<color name="white" weight="0.1223353585">
 <shade name="soft" weight="0.414311946923" />
 <shade name="hard" weight="0.38041369672" />
 <shade name="cool" weight="0.205272737339" />
</color>

<color name="blue" weight="0.109823787744">
 <shade name="soft" weight="0.414311946923" />
 <shade name="hard" weight="0.38041369672" />
 <shade name="cool" weight="0.205272737339" />
</color>

<color name="pink" weight="0.0732158584961">
 <shade name="soft" weight="0.414311946923" />
 <shade name="hard" weight="0.38041369672" />
 <shade name="cool" weight="0.205272737339" />
</color>

</colors>