<colors query="large">

<color name="black" weight="0.356440631104">
 <shade name="soft" weight="0.545997681564" />
 <shade name="light" weight="0.289204251422" />
 <shade name="bright" weight="0.164796560509" />
</color>

<color name="white" weight="0.21834035596">
 <shade name="soft" weight="0.545997681564" />
 <shade name="light" weight="0.289204251422" />
 <shade name="bright" weight="0.164796560509" />
</color>

<color name="blue" weight="0.173580582988">
 <shade name="soft" weight="0.545997681564" />
 <shade name="light" weight="0.289204251422" />
 <shade name="bright" weight="0.164796560509" />
</color>

<color name="red" weight="0.150654845612">
 <shade name="soft" weight="0.545997681564" />
 <shade name="light" weight="0.289204251422" />
 <shade name="bright" weight="0.164796560509" />
</color>

<color name="green" weight="0.100982414631">
 <shade name="soft" weight="0.545997681564" />
 <shade name="light" weight="0.289204251422" />
 <shade name="bright" weight="0.164796560509" />
</color>

</colors>