<colors query="many">

<color name="white" weight="0.284049486976">
 <shade name="light" weight="0.626710329052" />
 <shade name="hard" weight="0.244903793635" />
 <shade name="weak" weight="0.128384348961" />
</color>

<color name="black" weight="0.231417969587">
 <shade name="light" weight="0.626710329052" />
 <shade name="hard" weight="0.244903793635" />
 <shade name="weak" weight="0.128384348961" />
</color>

<color name="green" weight="0.222579088805">
 <shade name="light" weight="0.626710329052" />
 <shade name="hard" weight="0.244903793635" />
 <shade name="weak" weight="0.128384348961" />
</color>

<color name="red" weight="0.146243300225">
 <shade name="light" weight="0.626710329052" />
 <shade name="hard" weight="0.244903793635" />
 <shade name="weak" weight="0.128384348961" />
</color>

<color name="blue" weight="0.115708984794">
 <shade name="light" weight="0.626710329052" />
 <shade name="hard" weight="0.244903793635" />
 <shade name="weak" weight="0.128384348961" />
</color>

</colors>