<colors query="motionless">

<color name="white" weight="0.380687733901">
 <shade name="dark" weight="0.962148683708" />
 <shade name="light" weight="0.0250409066831" />
 <shade name="bright" weight="0.0128093868802" />
</color>

<color name="black" weight="0.332963032566">
 <shade name="dark" weight="0.962148683708" />
 <shade name="light" weight="0.0250409066831" />
 <shade name="bright" weight="0.0128093868802" />
</color>

<color name="blue" weight="0.124306198825">
 <shade name="dark" weight="0.962148683708" />
 <shade name="light" weight="0.0250409066831" />
 <shade name="bright" weight="0.0128093868802" />
</color>

<color name="green" weight="0.0821308813663">
 <shade name="dark" weight="0.962148683708" />
 <shade name="light" weight="0.0250409066831" />
 <shade name="bright" weight="0.0128093868802" />
</color>

<color name="yellow" weight="0.0799111278159">
 <shade name="dark" weight="0.962148683708" />
 <shade name="light" weight="0.0250409066831" />
 <shade name="bright" weight="0.0128093868802" />
</color>

</colors>