<colors query="obedient">

<color name="pink" weight="0.591476254434">
 <shade name="soft" weight="0.381772719158" />
 <shade name="cool" weight="0.347290021944" />
 <shade name="hard" weight="0.270935478112" />
</color>

<color name="white" weight="0.329169393772">
 <shade name="soft" weight="0.381772719158" />
 <shade name="cool" weight="0.347290021944" />
 <shade name="hard" weight="0.270935478112" />
</color>

<color name="black" weight="0.0367376555549">
 <shade name="soft" weight="0.381772719158" />
 <shade name="cool" weight="0.347290021944" />
 <shade name="hard" weight="0.270935478112" />
</color>

<color name="purple" weight="0.0323291368883">
 <shade name="soft" weight="0.381772719158" />
 <shade name="cool" weight="0.347290021944" />
 <shade name="hard" weight="0.270935478112" />
</color>

<color name="blue" weight="0.0102865435554">
 <shade name="soft" weight="0.381772719158" />
 <shade name="cool" weight="0.347290021944" />
 <shade name="hard" weight="0.270935478112" />
</color>

</colors>