<colors query="outstanding">

<color name="green" weight="0.371088597709">
 <shade name="cool" weight="0.404185557835" />
 <shade name="light" weight="0.302778288414" />
 <shade name="fresh" weight="0.29303452943" />
</color>

<color name="black" weight="0.292262588392">
 <shade name="cool" weight="0.404185557835" />
 <shade name="light" weight="0.302778288414" />
 <shade name="fresh" weight="0.29303452943" />
</color>

<color name="orange" weight="0.147950355949">
 <shade name="cool" weight="0.404185557835" />
 <shade name="light" weight="0.302778288414" />
 <shade name="fresh" weight="0.29303452943" />
</color>

<color name="red" weight="0.0975017099863">
 <shade name="cool" weight="0.404185557835" />
 <shade name="light" weight="0.302778288414" />
 <shade name="fresh" weight="0.29303452943" />
</color>

<color name="blue" weight="0.0911956292409">
 <shade name="cool" weight="0.404185557835" />
 <shade name="light" weight="0.302778288414" />
 <shade name="fresh" weight="0.29303452943" />
</color>

</colors>