<colors query="shaggy">

<color name="black" weight="0.574590803283">
 <shade name="soft" weight="0.85302914875" />
 <shade name="cool" weight="0.108405787654" />
 <shade name="dark" weight="0.0385640260997" />
</color>

<color name="red" weight="0.135476914169">
 <shade name="soft" weight="0.85302914875" />
 <shade name="cool" weight="0.108405787654" />
 <shade name="dark" weight="0.0385640260997" />
</color>

<color name="pink" weight="0.128096848805">
 <shade name="soft" weight="0.85302914875" />
 <shade name="cool" weight="0.108405787654" />
 <shade name="dark" weight="0.0385640260997" />
</color>

<color name="green" weight="0.0811807189959">
 <shade name="soft" weight="0.85302914875" />
 <shade name="cool" weight="0.108405787654" />
 <shade name="dark" weight="0.0385640260997" />
</color>

<color name="blue" weight="0.08065357147">
 <shade name="soft" weight="0.85302914875" />
 <shade name="cool" weight="0.108405787654" />
 <shade name="dark" weight="0.0385640260997" />
</color>

</colors>