<colors query="smooth">

<color name="black" weight="0.402054102695">
 <shade name="soft" weight="0.723756652302" />
 <shade name="hard" weight="0.189614328428" />
 <shade name="cool" weight="0.0866277225957" />
</color>

<color name="white" weight="0.348919199256">
 <shade name="soft" weight="0.723756652302" />
 <shade name="hard" weight="0.189614328428" />
 <shade name="cool" weight="0.0866277225957" />
</color>

<color name="red" weight="0.121147579843">
 <shade name="soft" weight="0.723756652302" />
 <shade name="hard" weight="0.189614328428" />
 <shade name="cool" weight="0.0866277225957" />
</color>

<color name="green" weight="0.0676584437135">
 <shade name="soft" weight="0.723756652302" />
 <shade name="hard" weight="0.189614328428" />
 <shade name="cool" weight="0.0866277225957" />
</color>

<color name="blue" weight="0.0602195572319">
 <shade name="soft" weight="0.723756652302" />
 <shade name="hard" weight="0.189614328428" />
 <shade name="cool" weight="0.0866277225957" />
</color>

</colors>