<colors query="square">

<color name="red" weight="0.378687381404">
 <shade name="soft" weight="0.393106395931" />
 <shade name="light" weight="0.334664911403" />
 <shade name="dark" weight="0.272227427932" />
</color>

<color name="blue" weight="0.255393815366">
 <shade name="soft" weight="0.393106395931" />
 <shade name="light" weight="0.334664911403" />
 <shade name="dark" weight="0.272227427932" />
</color>

<color name="black" weight="0.165565645823">
 <shade name="soft" weight="0.393106395931" />
 <shade name="light" weight="0.334664911403" />
 <shade name="dark" weight="0.272227427932" />
</color>

<color name="white" weight="0.10656086779">
 <shade name="soft" weight="0.393106395931" />
 <shade name="light" weight="0.334664911403" />
 <shade name="dark" weight="0.272227427932" />
</color>

<color name="green" weight="0.0937911770222">
 <shade name="soft" weight="0.393106395931" />
 <shade name="light" weight="0.334664911403" />
 <shade name="dark" weight="0.272227427932" />
</color>

</colors>