<colors query="thoughtless">

<color name="black" weight="0.59574402173">
 <shade name="light" weight="0.415093666074" />
 <shade name="weak" weight="0.314464898541" />
 <shade name="bright" weight="0.270439812745" />
</color>

<color name="white" weight="0.148936005433">
 <shade name="light" weight="0.415093666074" />
 <shade name="weak" weight="0.314464898541" />
 <shade name="bright" weight="0.270439812745" />
</color>

<color name="green" weight="0.127659433228">
 <shade name="light" weight="0.415093666074" />
 <shade name="weak" weight="0.314464898541" />
 <shade name="bright" weight="0.270439812745" />
</color>

<color name="blue" weight="0.0851062888186">
 <shade name="light" weight="0.415093666074" />
 <shade name="weak" weight="0.314464898541" />
 <shade name="bright" weight="0.270439812745" />
</color>

<color name="red" weight="0.0425531444093">
 <shade name="light" weight="0.415093666074" />
 <shade name="weak" weight="0.314464898541" />
 <shade name="bright" weight="0.270439812745" />
</color>

</colors>