<colors query="uninterested">

<color name="white" weight="0.2666664">
 <shade name="neutral" weight="0.503144049682" />
 <shade name="cool" weight="0.289307828567" />
 <shade name="weak" weight="0.207546920494" />
</color>

<color name="blue" weight="0.2666664">
 <shade name="neutral" weight="0.503144049682" />
 <shade name="cool" weight="0.289307828567" />
 <shade name="weak" weight="0.207546920494" />
</color>

<color name="yellow" weight="0.1999998">
 <shade name="neutral" weight="0.503144049682" />
 <shade name="cool" weight="0.289307828567" />
 <shade name="weak" weight="0.207546920494" />
</color>

<color name="black" weight="0.1999998">
 <shade name="neutral" weight="0.503144049682" />
 <shade name="cool" weight="0.289307828567" />
 <shade name="weak" weight="0.207546920494" />
</color>

<color name="green" weight="0.0666666000001">
 <shade name="neutral" weight="0.503144049682" />
 <shade name="cool" weight="0.289307828567" />
 <shade name="weak" weight="0.207546920494" />
</color>

</colors>