<colors query="absence">

<color name="blue" weight="0.343987448876">
 <shade name="light" weight="0.449918434836" />
 <shade name="dark" weight="0.331986493209" />
 <shade name="intense" weight="0.218093316707" />
</color>

<color name="black" weight="0.297412157125">
 <shade name="light" weight="0.449918434836" />
 <shade name="dark" weight="0.331986493209" />
 <shade name="intense" weight="0.218093316707" />
</color>

<color name="white" weight="0.181734961928">
 <shade name="light" weight="0.48731315929" />
 <shade name="dark" weight="0.359579368884" />
 <shade name="cool" weight="0.153105570693" />
</color>

<color name="green" weight="0.0940638245156">
 <shade name="light" weight="0.449918434836" />
 <shade name="dark" weight="0.331986493209" />
 <shade name="intense" weight="0.218093316707" />
</color>

<color name="red" weight="0.0828005186674">
 <shade name="light" weight="0.449918434836" />
 <shade name="dark" weight="0.331986493209" />
 <shade name="intense" weight="0.218093316707" />
</color>

</colors>