<colors query="across">

<color name="green" weight="0.255360328599">
 <shade name="light" weight="0.74131997164" />
 <shade name="hard" weight="0.202557851406" />
 <shade name="weak" weight="0.0561210541911" />
</color>

<color name="red" weight="0.23326808643">
 <shade name="light" weight="0.74131997164" />
 <shade name="hard" weight="0.202557851406" />
 <shade name="weak" weight="0.0561210541911" />
</color>

<color name="white" weight="0.209876300604">
 <shade name="light" weight="0.74131997164" />
 <shade name="hard" weight="0.202557851406" />
 <shade name="weak" weight="0.0561210541911" />
</color>

<color name="black" weight="0.161793185296">
 <shade name="light" weight="0.74131997164" />
 <shade name="hard" weight="0.202557851406" />
 <shade name="weak" weight="0.0561210541911" />
</color>

<color name="blue" weight="0.139700943127">
 <shade name="light" weight="0.74131997164" />
 <shade name="hard" weight="0.202557851406" />
 <shade name="weak" weight="0.0561210541911" />
</color>

</colors>