<colors query="active">

<color name="blue" weight="0.281066705025">
 <shade name="bright" weight="0.432147924636" />
 <shade name="light" weight="0.424878146465" />
 <shade name="fresh" weight="0.142972304039" />
</color>

<color name="red" weight="0.27976547028">
 <shade name="bright" weight="0.432147924636" />
 <shade name="light" weight="0.424878146465" />
 <shade name="fresh" weight="0.142972304039" />
</color>

<color name="green" weight="0.16590743005">
 <shade name="bright" weight="0.432147924636" />
 <shade name="light" weight="0.424878146465" />
 <shade name="fresh" weight="0.142972304039" />
</color>

<color name="black" weight="0.155497552086">
 <shade name="bright" weight="0.432147924636" />
 <shade name="light" weight="0.424878146465" />
 <shade name="fresh" weight="0.142972304039" />
</color>

<color name="white" weight="0.117761744467">
 <shade name="bright" weight="0.432147924636" />
 <shade name="light" weight="0.424878146465" />
 <shade name="fresh" weight="0.142972304039" />
</color>

</colors>