<colors query="afftertaste">

<color name="yellow" weight="0.0">
 <shade name="weak" weight="0.0" />
 <shade name="warm" weight="0.0" />
 <shade name="soft" weight="0.0" />
</color>

<color name="white" weight="0.0">
 <shade name="weak" weight="0.0" />
 <shade name="warm" weight="0.0" />
 <shade name="soft" weight="0.0" />
</color>

<color name="red" weight="0.0">
 <shade name="weak" weight="0.0" />
 <shade name="warm" weight="0.0" />
 <shade name="soft" weight="0.0" />
</color>

<color name="purple" weight="0.0">
 <shade name="weak" weight="0.0" />
 <shade name="soft" weight="0.0" />
 <shade name="neutral" weight="0.0" />
</color>

<color name="pink" weight="0.0">
 <shade name="weak" weight="0.0" />
 <shade name="warm" weight="0.0" />
 <shade name="soft" weight="0.0" />
</color>

</colors>