<colors query="aftereffect">

<color name="green" weight="0.666665977012">
 <shade name="weak" weight="0.473683462605" />
 <shade name="cool" weight="0.368420470915" />
 <shade name="soft" weight="0.157894487535" />
</color>

<color name="red" weight="0.229884819659">
 <shade name="weak" weight="0.473683462605" />
 <shade name="cool" weight="0.368420470915" />
 <shade name="warm" weight="0.157894487535" />
</color>

<color name="pink" weight="0.0459769639319">
 <shade name="weak" weight="0.473683462605" />
 <shade name="cool" weight="0.368420470915" />
 <shade name="warm" weight="0.157894487535" />
</color>

<color name="black" weight="0.0344827229489">
 <shade name="weak" weight="0.473683462605" />
 <shade name="cool" weight="0.368420470915" />
 <shade name="warm" weight="0.157894487535" />
</color>

<color name="blue" weight="0.0229884819659">
 <shade name="weak" weight="0.473683462605" />
 <shade name="cool" weight="0.368420470915" />
 <shade name="soft" weight="0.157894487535" />
</color>

</colors>