<colors query="aircushion">

<color name="black" weight="0.4999995">
 <shade name="soft" weight="0.4999995" />
 <shade name="light" weight="0.374999625" />
 <shade name="warm" weight="0.124999875" />
</color>

<color name="yellow" weight="0.24999975">
 <shade name="soft" weight="0.4999995" />
 <shade name="light" weight="0.374999625" />
 <shade name="warm" weight="0.124999875" />
</color>

<color name="blue" weight="0.24999975">
 <shade name="soft" weight="0.571427918368" />
 <shade name="light" weight="0.428570938776" />
 <shade name="weak" weight="0.0" />
</color>

<color name="white" weight="0.0">
 <shade name="soft" weight="0.4999995" />
 <shade name="light" weight="0.374999625" />
 <shade name="warm" weight="0.124999875" />
</color>

<color name="red" weight="0.0">
 <shade name="soft" weight="0.4999995" />
 <shade name="light" weight="0.374999625" />
 <shade name="warm" weight="0.124999875" />
</color>

</colors>