<colors query="ance">

<color name="black" weight="0.678413390111">
 <shade name="light" weight="0.544443754816" />
 <shade name="dark" weight="0.244444134815" />
 <shade name="hard" weight="0.211110843704" />
</color>

<color name="red" weight="0.127753170865">
 <shade name="light" weight="0.544443754816" />
 <shade name="dark" weight="0.244444134815" />
 <shade name="hard" weight="0.211110843704" />
</color>

<color name="blue" weight="0.105726762095">
 <shade name="light" weight="0.544443754816" />
 <shade name="dark" weight="0.244444134815" />
 <shade name="hard" weight="0.211110843704" />
</color>

<color name="orange" weight="0.0704845080635">
 <shade name="light" weight="0.544443754816" />
 <shade name="dark" weight="0.244444134815" />
 <shade name="hard" weight="0.211110843704" />
</color>

<color name="yellow" weight="0.0176211270159">
 <shade name="light" weight="0.544443754816" />
 <shade name="dark" weight="0.244444134815" />
 <shade name="hard" weight="0.211110843704" />
</color>

</colors>