<colors query="application">

<color name="green" weight="0.376436840211">
 <shade name="light" weight="0.38551355463" />
 <shade name="fresh" weight="0.33177530156" />
 <shade name="cool" weight="0.282709940062" />
</color>

<color name="white" weight="0.277208719151">
 <shade name="light" weight="0.38551355463" />
 <shade name="fresh" weight="0.33177530156" />
 <shade name="cool" weight="0.282709940062" />
</color>

<color name="blue" weight="0.247282777879">
 <shade name="light" weight="0.38551355463" />
 <shade name="fresh" weight="0.33177530156" />
 <shade name="cool" weight="0.282709940062" />
</color>

<color name="purple" weight="0.0724522788691">
 <shade name="light" weight="0.38551355463" />
 <shade name="fresh" weight="0.33177530156" />
 <shade name="cool" weight="0.282709940062" />
</color>

<color name="pink" weight="0.0266183372367">
 <shade name="light" weight="0.38551355463" />
 <shade name="fresh" weight="0.33177530156" />
 <shade name="cool" weight="0.282709940062" />
</color>

</colors>