<colors query="approval">

<color name="white" weight="0.316600363361">
 <shade name="warm" weight="0.65357290328" />
 <shade name="fresh" weight="0.315462168662" />
 <shade name="cool" weight="0.0309638251702" />
</color>

<color name="black" weight="0.233284478266">
 <shade name="warm" weight="0.65357290328" />
 <shade name="fresh" weight="0.315462168662" />
 <shade name="cool" weight="0.0309638251702" />
</color>

<color name="green" weight="0.203082469919">
 <shade name="fresh" weight="0.841094835197" />
 <shade name="cool" weight="0.0825566930547" />
 <shade name="weak" weight="0.0763455311948" />
</color>

<color name="blue" weight="0.138096079545">
 <shade name="fresh" weight="0.841094835197" />
 <shade name="cool" weight="0.0825566930547" />
 <shade name="weak" weight="0.0763455311948" />
</color>

<color name="orange" weight="0.108935519762">
 <shade name="warm" weight="0.65357290328" />
 <shade name="fresh" weight="0.315462168662" />
 <shade name="cool" weight="0.0309638251702" />
</color>

</colors>