<colors query="asbestos">

<color name="white" weight="0.457163020463">
 <shade name="soft" weight="0.377879637787" />
 <shade name="hard" weight="0.368663061256" />
 <shade name="light" weight="0.253455854613" />
</color>

<color name="blue" weight="0.427587781201">
 <shade name="soft" weight="0.377879637787" />
 <shade name="hard" weight="0.368663061256" />
 <shade name="light" weight="0.253455854613" />
</color>

<color name="black" weight="0.105769076006">
 <shade name="soft" weight="0.377879637787" />
 <shade name="hard" weight="0.368663061256" />
 <shade name="light" weight="0.253455854613" />
</color>

<color name="red" weight="0.00576466527997">
 <shade name="soft" weight="0.377879637787" />
 <shade name="hard" weight="0.368663061256" />
 <shade name="light" weight="0.253455854613" />
</color>

<color name="yellow" weight="0.00371444954127">
 <shade name="soft" weight="0.377879637787" />
 <shade name="hard" weight="0.368663061256" />
 <shade name="light" weight="0.253455854613" />
</color>

</colors>