<colors query="ash">

<color name="blue" weight="0.343438559667">
 <shade name="light" weight="0.612136547056" />
 <shade name="dark" weight="0.328759542083" />
 <shade name="cool" weight="0.0591028390261" />
</color>

<color name="white" weight="0.253845891928">
 <shade name="light" weight="0.612136547056" />
 <shade name="dark" weight="0.328759542083" />
 <shade name="cool" weight="0.0591028390261" />
</color>

<color name="black" weight="0.233483921987">
 <shade name="light" weight="0.612136547056" />
 <shade name="dark" weight="0.328759542083" />
 <shade name="cool" weight="0.0591028390261" />
</color>

<color name="green" weight="0.11493200811">
 <shade name="light" weight="0.612136547056" />
 <shade name="dark" weight="0.328759542083" />
 <shade name="cool" weight="0.0591028390261" />
</color>

<color name="red" weight="0.0542985865086">
 <shade name="light" weight="0.612136547056" />
 <shade name="dark" weight="0.328759542083" />
 <shade name="cool" weight="0.0591028390261" />
</color>

</colors>