<colors query="bag">

<color name="red" weight="0.408456794514">
 <shade name="soft" weight="0.558538471043" />
 <shade name="cool" weight="0.321875695812" />
 <shade name="light" weight="0.1195845188" />
</color>

<color name="black" weight="0.245817570305">
 <shade name="soft" weight="0.558538471043" />
 <shade name="cool" weight="0.321875695812" />
 <shade name="light" weight="0.1195845188" />
</color>

<color name="green" weight="0.163568591205">
 <shade name="soft" weight="0.558538471043" />
 <shade name="cool" weight="0.321875695812" />
 <shade name="light" weight="0.1195845188" />
</color>

<color name="blue" weight="0.114776823942">
 <shade name="soft" weight="0.558538471043" />
 <shade name="cool" weight="0.321875695812" />
 <shade name="light" weight="0.1195845188" />
</color>

<color name="white" weight="0.0673791071723">
 <shade name="soft" weight="0.558538471043" />
 <shade name="cool" weight="0.321875695812" />
 <shade name="light" weight="0.1195845188" />
</color>

</colors>