<SENTENCE_STRUCTURE>
<SENTENCE NO="1" TYPE="clause">
                <NAME>SIMPLE SENTENCE</NAME>
		   
		<SUBJECTNOUNPHRASE>
				
			<SNOUN NAME="x" TYPE="personified"></SNOUN>
			<SARTICLE NAME="x"></SARTICLE>
			<SADJECTIVEPHRASE>
				<SADJECTIVE NAME="x"></SADJECTIVE>
				<SCNOUN NAME="x"></SCNOUN>		
			</SADJECTIVEPHRASE>
				
		</SUBJECTNOUNPHRASE>
		 <VERBPHRASE>
			<VERBWORDMAIN TYPE="open" TENSE="PAST"></VERBWORDMAIN>
			<AUXVERB TYPE="x"></AUXVERB>
		
		</VERBPHRASE>	
		<OBJECTNOUNPHRASE> 
			<ONOUN NAME="x" CLASS="openobject"></ONOUN>
			<OARTICLE NAME="x"></OARTICLE>
			<OADJECTIVEPHRASE>
				<OADJECTIVE NAME="x"></OADJECTIVE>
				<ONOUN NAME="x" CLASS="openobject"></ONOUN>
				
			</OADJECTIVEPHRASE>
			<OADVERBPHRASE>
				<OADVERB TYPE="x"></OADVERB>
				<MODIFYINGOADVERB TYPE="x"></MODIFYINGOADVERB>
			</OADVERBPHRASE>
		</OBJECTNOUNPHRASE> 
		
        </SENTENCE>

	<SENTENCE NO="2" TYPE="1">
                <NAME>SIMPLE SENTENCE</NAME>
		   
		<SUBJECTNOUNPHRASE>
				
			<SNOUN NAME="x" TYPE="personified"></SNOUN>
			<SARTICLE NAME="x"></SARTICLE>
			<SADJECTIVEPHRASE>
				<SADJECTIVE NAME="x"></SADJECTIVE>
				<SCNOUN NAME="x"></SCNOUN>		
			</SADJECTIVEPHRASE>
				
		</SUBJECTNOUNPHRASE>
		 <VERBPHRASE>
			<VERBWORDMAIN TYPE="close" TENSE="PAST"></VERBWORDMAIN>
			<AUXVERB TYPE="x"></AUXVERB>
		
		</VERBPHRASE>	
		<OBJECTNOUNPHRASE> 
			<ONOUN NAME="x" CLASS="openobject"></ONOUN>
			<OARTICLE NAME="x"></OARTICLE>
			<OADJECTIVEPHRASE>
				<OADJECTIVE NAME="x"></OADJECTIVE>
				<ONOUN NAME="x" CLASS="openobject"></ONOUN>
				
			</OADJECTIVEPHRASE>
			<OADVERBPHRASE>
				<OADVERB TYPE="x"></OADVERB>
				<MODIFYINGOADVERB TYPE="x"></MODIFYINGOADVERB>
			</OADVERBPHRASE>
		</OBJECTNOUNPHRASE> 
		
        </SENTENCE>
</SENTENCE_STRUCTURE>
	